{
    "parent": "item/generated",
    "textures": {
        "layer0": "item/bow"
    },
    "display": {
        "firstperson_righthand": {
            "rotation": [0, 0, 0],
            "translation": [0, 1, -1],
            "scale": [1, 1, 0.01]
        },
        "firstperson_lefthand": {
            "rotation": [0, 0, 0],
            "translation": [0, 1, -1],
            "scale": [1, 1, 0.01]
        },
        "gui": {
            "rotation": [0, 0, 0],
            "translation": [0, 1, -1],
            "scale": [1, 1, 0.01]
        },
        "thirdperson_righthand": {
            "rotation": [0, 0, 0],
            "translation": [0, 1, -1],
            "scale": [1, 1, 0.01]
        },
        "thirdperson_lefthand": {
            "rotation": [0, 0, 0],
            "translation": [0, 1, -1],
            "scale": [1, 1, 0.01]
        }
    },
    "overrides": [
        {
            "predicate": {
                "pulling": 1
            },
            "model": "item/bow_pulling_0"
        },
        {
            "predicate": {
                "pulling": 1,
                "pull": 0.65
            },
            "model": "item/bow_pulling_1"
        },
        {
            "predicate": {
                "pulling": 1,
                "pull": 0.9
            },
            "model": "item/bow_pulling_2"
        }
    ]
}
