{
    "parent": "item/bow",
    "textures": {
        "layer0": "item/bow_pulling_2"
 },
    "display": {
        "firstperson_righthand": {
            "rotation": [0, 0, 0],
            "translation": [0, 1, -1],
            "scale": [1, 1, 0.01]
        },
        "firstperson_lefthand": {
            "rotation": [0, 0, 0],
            "translation": [0, 1, -1],
            "scale": [1, 1, 0.01]
        },
        "gui": {
            "rotation": [0, 0, 0],
            "translation": [0, 1, -1],
            "scale": [1, 1, 0.01]
        },
        "thirdperson_righthand": {
            "rotation": [0, 0, 0],
            "translation": [0, 1, -1],
            "scale": [1, 1, 0.01]
        },
        "thirdperson_lefthand": {
            "rotation": [0, 0, 0],
            "translation": [0, 1, -1],
            "scale": [1, 1, 0.01]
        }
    }
}